Country,Region,Code,Disposable Income (USD PPP),Employment Rate (%),Unemployment Rate (%),Homicide Rate (per 100k),Life Expectancy (years),Education (%),Rooms per Person,Mortality Rate (per 1k),Voter Turnout (%),Broadband Access (%),Air Pollution (PM2.5 µg/m³),Life Satisfaction (0–10),Internet Speed Deviation (%),Social Support (%)
Australia,New South Wales,AU1,41725.3,73.6,4.2,1.0,83.2,85.8,2.3,3.0,90.7,85.2,9.7,7.2,-44.9,93.7
Australia,Victoria,AU2,36705.2,77.2,4.4,0.9,83.4,85.8,2.6,2.9,90.6,86.8,8.5,7.1,-41.5,93.8
Australia,Queensland,AU3,38043.9,77.5,3.8,0.8,82.7,83.9,2.3,3.1,88.2,86.3,8.0,7.0,-45.2,89.5
Australia,South Australia,AU4,35469.9,71.7,4.0,0.6,83.0,80.2,2.3,3.0,91.1,82.5,6.1,7.1,-49.0,93.9
Australia,Western Australia,AU5,44015.1,74.7,3.8,0.8,83.6,83.9,2.6,2.8,88.0,88.4,7.6,7.1,-48.0,90.7
Australia,Tasmania,AU6,36216.5,76.2,4.8,0.5,82.1,78.1,2.6,3.4,92.4,83.4,5.3,7.4,-53.4,95.4
Australia,Northern Territory,AU7,50664.8,75.7,4.3,2.0,78.4,83.2,2.6,4.5,73.1,89.0,8.8,6.8,-47.4,83.3
Australia,Australian Capital Territory,AU8,65301.4,79.0,3.6,0.0,83.7,90.9,2.6,2.6,92.1,94.1,4.6,7.1,-46.4,91.4
Austria,Burgenland,AT11,38676.1,74.8,4.9,1.0,82.1,88.2,2.0,8.7,81.5,90.7,11.8,6.6,-52.7,89.1
Austria,Lower Austria,AT12,39242.3,71.3,4.0,0.8,81.5,87.7,1.9,9.0,80.6,90.7,12.0,7.1,-49.1,91.0
Austria,Vienna,AT13,35076.0,67.9,9.5,1.2,81.0,83.7,1.5,9.0,72.0,92.5,12.6,6.9,-13.5,88.7
Austria,Carinthia,AT21,37218.0,69.5,4.7,0.7,81.9,90.2,1.9,8.6,72.4,89.5,9.2,7.2,-54.3,91.3
Austria,Styria,AT22,37882.2,75.9,5.0,0.6,81.9,87.3,1.9,8.5,74.8,89.6,10.6,6.9,-52.6,86.2
Austria,Upper Austria,AT31,38206.2,78.8,3.7,0.3,82.1,85.6,1.9,8.6,77.7,91.1,11.4,7.1,-47.4,91.6
Austria,Salzburg,AT32,38705.8,74.6,3.4,0.5,82.6,88.5,1.7,7.9,76.4,92.0,9.6,7.1,-60.7,91.0
Austria,Tyrol,AT33,37755.0,77.0,3.3,0.6,83.1,86.0,1.7,7.7,71.8,88.9,8.6,7.1,-47.0,90.8
Austria,Vorarlberg,AT34,38656.0,70.7,4.2,0.2,82.9,82.7,1.8,7.6,67.6,93.6,11.6,7.1,-35.5,89.2
Belgium,Brussels Capital Region,BE1,31913.4,62.7,11.9,3.2,82.2,79.0,1.5,8.9,83.9,96.1,12.3,6.7,-8.9,83.8
Belgium,Flemish Region,BE2,37973.6,73.2,3.8,0.8,83.2,84.9,2.1,7.9,93.5,95.9,12.1,6.9,-14.9,91.7
Belgium,Wallonia,BE3,32130.2,60.4,7.5,1.8,80.7,80.3,2.3,9.8,86.8,91.9,11.3,6.9,-22.2,88.7
Canada,Newfoundland and Labrador,CA10,32101.0,68.4,9.9,0.7,78.8,92.0,3.0,7.9,52.4,93.0,6.5,6.9,27.6,96.8
Canada,Prince Edward Island,CA11,30280.9,78.0,7.9,1.1,81.7,93.0,2.7,6.8,72.8,94.7,8.0,7.8,0.0,100.0
Canada,Nova Scotia,CA12,29438.2,74.4,5.6,2.3,79.7,93.0,2.8,7.4,64.6,92.0,8.2,7.0,21.8,96.2
Canada,New Brunswick,CA13,29204.9,72.0,5.5,2.1,79.8,92.0,2.8,7.4,65.2,92.2,7.3,6.9,36.1,92.7
Canada,Quebec,CA24,29847.5,79.1,5.4,1.1,82.5,91.0,2.5,5.9,64.0,90.9,12.0,7.3,12.6,92.8
Canada,Ontario,CA35,32088.2,70.4,7.1,1.7,81.8,95.0,2.4,6.2,61.4,93.6,13.4,6.9,31.5,91.5
Canada,Manitoba,CA46,29071.4,78.9,5.5,6.3,79.1,93.0,2.4,7.4,61.6,92.3,12.2,6.9,4.6,93.3
Canada,Saskatchewan,CA47,33124.4,71.8,5.5,5.2,78.5,94.0,2.6,7.8,63.7,90.4,12.2,6.6,-16.1,93.4
Canada,Alberta,CA48,36737.3,73.1,7.1,2.0,80.2,93.0,2.4,6.8,62.9,96.0,14.4,6.8,17.7,90.9
Canada,British Columbia,CA59,35227.5,78.6,5.8,1.6,81.5,95.0,2.4,5.7,61.2,95.8,12.7,6.9,25.5,92.0
Canada,Yukon,CA60,43923.2,,,0.0,78.7,93.0,2.4,7.4,62.7,,4.6,,-46.7,
Canada,Northwest Territories,CA61,43667.8,,,13.4,75.4,84.0,2.3,9.0,44.0,,20.2,,-36.7,
Canada,Nunavut,CA62,27020.9,,,9.7,71.7,57.0,1.3,12.1,53.1,,4.9,,-66.9,
Chile,Tarapaca,CL01,8020.7,75.0,6.2,10.7,81.1,85.2,1.4,10.0,42.4,75.2,9.0,6.9,46.0,90.9
Chile,Antofagasta,CL02,8958.2,74.0,8.0,8.3,79.4,86.6,1.2,11.1,42.3,84.3,16.1,6.1,54.6,94.3
Chile,Atacama,CL03,7242.1,66.5,8.6,7.8,81.1,82.8,1.2,9.9,44.1,68.2,8.7,6.2,55.8,82.8
Chile,Coquimbo,CL04,6264.0,69.7,8.5,6.0,82.2,81.4,1.4,8.9,42.8,64.8,9.9,6.4,56.5,86.3
Chile,Valparaiso,CL05,7926.6,62.9,8.7,6.8,81.5,85.3,1.2,9.6,49.7,76.0,17.1,6.5,48.1,90.7
Chile,O'Higgins,CL06,6611.5,71.9,7.5,4.6,81.4,76.5,1.3,9.5,47.2,67.5,15.1,6.0,38.1,87.2
Chile,Maule,CL07,6241.1,72.6,8.1,4.7,81.3,71.1,1.4,9.9,45.9,63.2,12.2,6.2,46.1,88.6
Chile,BioBio,CL08,7045.4,69.1,8.8,6.7,81.2,79.9,1.1,10.0,46.3,69.8,14.3,6.1,51.8,82.4
Chile,Araucania,CL09,6682.6,67.4,10.4,4.1,80.7,73.2,1.1,10.1,45.0,63.1,8.5,6.2,16.2,86.7
Chile,Los Lagos,CL10,7767.3,63.1,4.5,4.6,80.6,71.2,1.1,10.7,44.3,70.4,6.2,5.9,31.4,87.7
Chile,Aysen,CL11,11657.0,79.9,5.4,4.6,81.3,75.4,1.1,9.7,41.2,75.7,2.5,4.9,18.1,
Chile,Magallanes,CL12,10732.3,63.0,4.7,4.9,80.5,84.4,1.0,9.6,44.1,80.6,3.0,6.8,36.6,88.7
Chile,Santiago Metropolitan,CL13,9866.3,59.5,9.1,6.7,81.7,87.1,1.4,9.2,49.5,82.0,39.2,6.3,55.4,87.9
Chile,Los Ríos,CL14,6836.4,55.1,8.3,4.4,80.5,75.3,1.4,10.9,45.9,67.1,7.1,5.9,12.1,87.6
Chile,Arica y Parinacota,CL15,4429.6,65.3,7.4,12.3,80.9,86.8,1.5,10.6,44.8,72.5,9.1,6.5,53.3,89.8
Chile,Ñuble,CL16,5418.0,69.4,10.0,2.7,81.1,70.9,1.1,9.8,44.9,,15.5,6.5,32.6,84.6
Colombia,Antioquia,CO05,,62.3,10.3,25.7,76.6,62.7,1.1,9.8,56.7,46.8,14.8,6.0,-12.2,83.3
Colombia,Atlantico,CO08,,62.6,11.1,28.1,77.6,70.3,0.9,10.2,50.1,39.5,15.4,5.7,-13.7,91.4
Colombia,Bogota Capital District,CO11,,65.0,10.6,14.2,79.6,80.6,1.2,8.6,65.6,62.9,17.5,6.3,-0.9,83.9
Colombia,Bolivar,CO13,,60.5,6.8,33.2,76.6,56.8,1.0,8.9,48.3,34.8,12.7,5.6,-29.6,82.2
Colombia,Boyaca,CO15,,73.2,10.9,7.0,78.3,53.0,1.1,8.7,66.7,37.6,9.1,5.5,-36.8,87.9
Colombia,Caldas,CO17,,43.9,8.0,13.9,78.3,57.8,1.2,9.6,59.9,53.5,14.2,6.3,-32.7,82.0
Colombia,Caqueta,CO18,,58.3,11.5,36.5,73.7,43.4,1.1,10.8,54.7,23.8,12.7,5.3,-54.8,75.8
Colombia,Cauca,CO19,,47.5,14.1,54.9,76.2,48.9,1.2,8.1,65.2,33.0,8.4,4.6,-53.9,88.0
Colombia,Cesar,CO20,,52.4,16.3,29.0,76.0,56.9,0.9,9.7,55.1,26.6,11.4,5.7,-19.1,82.7
Colombia,Cordoba,CO23,,57.3,9.8,16.4,76.7,49.9,0.9,7.8,54.8,23.4,11.8,5.2,-57.1,86.8
Colombia,Cundinamarca,CO25,,65.4,12.8,13.4,79.2,64.0,1.1,8.9,67.7,45.8,17.3,6.0,-19.1,78.0
Colombia,Choco,CO27,,27.9,9.9,28.7,71.6,46.4,1.0,6.7,48.0,5.1,7.9,5.0,-86.6,91.8
Colombia,Huila,CO41,,76.8,8.7,33.3,76.2,46.9,1.1,11.2,61.1,43.1,10.7,5.6,-56.8,82.1
Colombia,La Guajira,CO44,,75.2,9.2,17.9,70.2,43.9,0.7,7.8,39.6,15.0,10.5,4.8,-44.0,78.5
Colombia,Magdalena,CO47,,41.6,17.3,35.8,75.8,52.9,0.9,9.6,49.6,34.5,14.7,5.8,-34.2,87.7
Colombia,Meta,CO50,,73.2,11.5,25.4,75.9,58.0,1.1,10.6,64.2,46.0,13.3,5.6,-28.8,83.4
Colombia,Nariño,CO52,,64.7,9.0,24.2,77.2,43.6,1.1,8.1,63.4,31.8,7.3,4.7,-53.8,76.2
Colombia,Norte de Santander,CO54,,57.1,15.9,33.8,75.7,53.2,1.0,10.3,55.7,45.3,13.7,5.5,-32.4,79.0
Colombia,Quindio,CO63,,70.1,16.6,32.3,75.6,62.4,1.2,10.4,57.3,54.2,13.0,6.4,-22.1,86.1
Colombia,Risaralda,CO66,,74.0,13.8,26.1,76.8,59.8,1.2,10.5,57.3,57.3,14.5,6.3,-19.3,78.2
Colombia,Santander,CO68,,61.0,9.1,18.5,78.8,62.4,1.2,9.3,67.7,52.8,14.9,5.9,-18.3,85.0
Colombia,Sucre,CO70,,56.2,11.2,34.5,76.3,49.6,0.9,8.7,56.6,25.7,12.3,4.7,-55.1,84.0
Colombia,Tolima,CO73,,69.1,12.5,28.5,77.3,54.0,1.2,10.2,59.4,39.3,14.6,5.9,-38.8,78.1
Colombia,Cauca Valley,CO76,,73.9,10.6,51.8,75.8,64.8,1.1,10.1,56.8,63.6,9.6,6.1,-20.9,79.5
Colombia,Arauca,CO81,,,,54.3,75.9,,1.1,10.5,49.8,19.3,13.3,,-81.5,
Colombia,Casanare,CO85,,,,14.5,77.2,,1.1,10.8,68.1,34.1,12.4,,-26.7,
Colombia,Putumayo,CO86,,,,65.8,74.6,,1.2,8.0,57.8,23.8,13.9,,-76.8,
Colombia,San Andres,CO88,,,,67.4,74.8,,1.1,8.9,32.5,10.1,17.8,,-35.8,
Colombia,Amazonas,CO91,,,,24.7,75.4,,0.9,6.9,46.3,1.4,11.7,,-84.9,
Colombia,Guainia,CO94,,,,1.8,72.7,,0.9,5.2,39.1,1.4,11.2,,-82.1,
Colombia,Guaviare,CO95,,,,52.2,75.9,,1.0,9.6,52.6,20.4,13.5,,-80.1,
Colombia,Vaupes,CO97,,,,2.1,64.5,,0.8,6.6,37.9,0.3,10.4,,-84.7,
Colombia,Vichada,CO99,,,,16.2,71.7,,0.6,6.1,37.0,2.1,11.3,,-86.7,
Costa Rica,Central,CR01,12439.9,59.3,6.9,8.4,81.2,45.8,1.1,6.5,65.0,81.7,9.6,6.9,-36.3,88.2
Costa Rica,Chorotega,CR02,8060.0,39.4,9.7,14.8,80.5,38.6,1.0,7.7,52.5,84.1,6.6,7.3,-51.3,84.7
Costa Rica,Central Pacific,CR03,8041.1,56.9,9.4,24.7,80.3,39.5,1.0,7.6,51.7,70.4,8.9,7.0,-52.8,85.7
Costa Rica,Brunca,CR04,7061.8,32.7,7.7,11.0,80.3,34.9,1.1,6.9,52.3,70.0,6.8,6.7,-57.6,87.6
Costa Rica,Huetar Caribbean,CR05,7089.6,39.1,8.0,35.8,80.0,34.8,1.0,7.5,50.9,80.4,7.8,6.5,-58.9,86.4
Costa Rica,North Huetar,CR06,6428.8,72.7,5.8,9.4,81.5,23.7,1.0,6.5,58.1,80.2,6.6,6.3,-61.2,85.5
Czechia,Prague,CZ01,32232.7,79.1,2.0,2.0,81.4,97.9,1.4,9.2,70.2,96.0,14.9,6.8,-17.6,92.3
Czechia,Central Bohemian Region,CZ02,28315.6,78.4,0.9,1.2,79.9,94.5,1.6,10.4,68.0,92.0,13.9,6.9,-53.7,93.1
Czechia,Southwest,CZ03,25006.1,78.9,2.9,1.4,80.1,93.8,1.6,10.0,65.6,93.0,11.0,6.9,-39.7,93.5
Czechia,Northwest,CZ04,23260.3,76.5,5.0,1.7,78.1,88.5,1.6,11.5,57.5,92.0,11.9,6.6,-41.7,92.0
Czechia,Northeast,CZ05,24727.7,64.4,2.9,1.4,80.2,94.4,1.6,10.0,66.9,92.0,12.2,6.8,-53.4,94.9
Czechia,Southeast,CZ06,25962.7,78.1,2.2,1.2,80.6,95.0,1.5,9.8,67.2,92.0,11.8,6.9,-43.1,95.3
Czechia,Central Moravia,CZ07,24397.0,76.6,3.0,1.2,79.9,94.8,1.5,10.0,66.0,92.0,12.2,6.9,-53.6,93.9
Czechia,Moravian-Silesia,CZ08,23757.9,75.1,4.2,1.8,78.6,93.7,1.5,10.8,60.6,92.0,16.4,6.9,-46.6,93.7
Denmark,Capital Region,DK01,30266.6,77.7,6.7,0.9,82.0,87.6,1.7,8.8,84.2,94.5,9.5,7.6,15.3,94.7
Denmark,Zealand,DK02,27469.2,76.1,5.5,0.8,81.2,81.2,2.0,9.1,83.2,91.3,9.1,7.6,15.5,93.1
Denmark,Southern Denmark,DK03,25971.7,75.4,5.5,0.4,81.6,80.7,2.0,9.0,83.5,90.5,9.5,7.7,-3.1,95.1
Denmark,Central Jutland,DK04,26894.8,79.8,6.5,0.7,82.2,83.5,2.0,8.6,85.4,93.4,8.6,7.6,5.2,95.2
Denmark,Northern Jutland,DK05,26223.5,82.5,5.9,1.2,81.5,79.9,2.1,9.1,83.9,89.4,8.8,7.5,-2.3,94.5
Estonia,North Estonia,EE001,18219.0,76.5,7.5,1.2,80.1,92.1,1.6,7.8,72.9,91.1,10.3,6.5,-90.2,93.2
Estonia,West Estonia,EE004,14426.8,69.4,6.9,2.0,78.8,83.5,2.0,9.1,62.4,84.7,8.0,6.4,-98.4,95.2
Estonia,Southern Estonia,EE008,14694.5,72.4,5.7,0.9,79.1,84.8,1.9,8.4,61.6,86.9,7.9,6.4,-96.7,94.0
Estonia,Central Estonia,EE009,15387.0,69.4,7.2,1.6,77.4,81.1,1.9,9.6,48.2,82.6,8.0,,-98.8,92.8
Estonia,Northeast Estonia,EE00A,13066.9,64.5,14.3,5.3,76.2,91.5,1.6,10.2,53.1,80.4,7.7,,-98.5,93.1
Finland,Western Finland,FI19,26684.8,72.1,8.5,1.0,81.4,89.7,1.9,9.2,39.3,95.6,6.0,7.8,-13.4,94.9
Finland,Helsinki-Uusimaa,FI1B,31679.2,73.2,9.1,1.0,82.2,88.2,1.7,8.6,46.8,97.8,9.4,7.8,-12.8,96.3
Finland,Southern Finland,FI1C,27111.5,71.3,9.2,1.0,81.4,87.8,1.9,9.1,38.9,94.5,6.9,7.7,-11.6,94.2
Finland,Northern and Eastern Finland,FI1D,25793.6,71.8,6.6,1.7,81.2,90.3,1.9,9.3,34.7,93.2,5.4,7.8,-14.4,96.7
Finland,Åland,FI20,30865.2,76.3,,0.0,85.1,83.5,2.1,6.9,39.5,,6.4,7.5,-35.0,91.4
France,Île-de-France,FR1,35629.0,68.7,7.9,1.0,84.9,84.1,1.5,6.9,76.0,94.2,12.7,6.7,55.0,88.8
France,Centre-Val de Loire,FRB,30823.6,70.7,5.8,0.8,82.6,86.5,2.0,8.3,75.0,87.4,8.9,6.4,53.2,88.5
France,Bourgogne-Franche-Comté,FRC,30839.7,68.9,6.6,0.6,82.3,82.0,2.0,8.4,77.1,83.9,9.8,6.7,45.8,95.4
France,Normandy,FRD,29842.2,66.1,7.5,1.1,82.1,84.2,2.0,8.6,75.5,84.9,9.6,6.6,43.9,93.1
France,Hauts-de-France,FRE,27553.5,60.0,8.9,1.3,81.3,81.6,1.9,9.2,73.1,87.1,10.9,6.5,59.2,90.9
France,Grand Est,FRF,30135.3,69.0,7.5,0.6,82.2,83.2,2.0,8.4,73.9,88.1,10.6,6.5,44.6,88.0
France,Pays de la Loire,FRG,29449.8,70.8,6.7,0.8,83.4,86.7,2.0,7.9,77.0,87.8,9.6,6.3,46.7,90.8
France,Brittany,FRH,30189.4,69.8,5.6,0.9,82.5,88.1,2.1,8.4,78.8,86.3,10.3,6.9,18.8,90.4
France,Nouvelle-Aquitaine,FRI,30339.9,71.2,6.2,0.9,83.0,85.8,2.0,8.1,78.4,86.5,9.3,6.8,40.7,92.2
France,Occitanie,FRJ,28922.3,64.6,7.7,1.1,83.2,85.6,1.9,7.9,78.2,85.3,9.2,6.6,44.3,90.9
France,Auvergne-Rhône-Alpes,FRK,30633.4,69.7,7.0,0.9,84.0,86.3,1.9,7.5,77.9,88.1,11.2,6.8,42.6,89.6
France,Provence-Alpes-Côte d’Azur,FRL,30407.1,66.2,6.8,2.2,83.7,81.5,1.7,7.6,73.8,88.5,11.9,6.7,42.5,90.7
France,Corsica,FRM,30498.4,62.4,8.6,3.1,83.9,75.1,1.7,7.3,62.7,75.1,10.1,7.2,44.8,92.4
France,Guadeloupe,FRY1,24208.4,49.9,17.7,8.7,80.6,68.0,1.8,8.5,44.8,75.4,12.0,,22.0,
France,Martinique,FRY2,26762.9,58.6,10.8,5.6,81.7,74.3,1.7,8.3,42.7,85.8,14.2,,24.2,
France,French Guiana,FRY3,16260.1,40.2,20.7,19.2,79.3,52.0,1.0,8.8,36.2,79.2,10.0,,28.8,
France,La Réunion,FRY4,26210.8,48.3,15.9,1.5,82.3,63.6,1.6,8.0,53.6,87.4,9.8,,68.4,
France,Mayotte,FRY5,10472.2,23.9,35.5,4.1,74.9,,,13.6,40.3,,7.7,,-82.0,
Germany,Baden-Württemberg,DE1,37731.7,79.6,2.9,0.8,82.4,84.1,1.7,12.2,83.4,98.5,11.7,7.1,-32.9,90.0
Germany,Bavaria,DE2,39402.2,80.8,2.6,0.6,81.8,86.0,1.7,12.7,84.3,98.9,11.3,6.8,-36.3,84.4
Germany,Berlin,DE3,32949.3,77.0,5.6,1.2,81.2,83.6,1.8,13.0,80.3,99.8,12.5,7.1,-26.7,92.0
Germany,Brandenburg,DE4,33084.4,79.9,3.1,0.7,80.7,88.6,1.9,13.6,81.6,98.5,11.9,6.9,-37.2,89.4
Germany,Bremen,DE5,32747.9,70.9,4.9,1.1,79.7,73.4,1.8,14.3,77.8,98.6,11.2,6.2,-28.1,91.5
Germany,Hamburg,DE6,37826.7,73.4,5.4,1.5,80.9,83.7,1.8,13.5,80.9,99.1,11.8,7.2,-33.1,84.7
Germany,Hesse,DE7,35805.9,76.1,3.0,1.1,81.3,81.5,1.7,13.3,83.1,98.9,11.7,6.5,-31.7,87.8
Germany,Mecklenburg-Vorpommern,DE8,32292.2,76.5,3.9,0.6,80.0,91.9,2.0,14.2,79.5,97.6,9.9,7.0,-44.5,96.7
Germany,Lower Saxony,DE9,34131.3,77.2,3.1,0.8,80.4,81.3,1.8,14.0,83.4,98.7,11.2,7.0,-33.2,89.0
Germany,North Rhine-Westphalia,DEA,34528.5,74.7,3.4,0.7,80.5,80.4,1.8,14.0,82.2,99.2,12.4,7.0,-33.9,90.1
Germany,Rhineland-Palatinate,DEB,35289.2,78.0,3.2,0.5,81.1,81.0,1.8,13.6,83.0,98.3,11.3,7.0,-37.4,88.8
Germany,Saarland,DEC,32826.8,69.3,3.7,0.8,80.0,81.1,1.8,14.6,82.4,98.8,10.7,7.2,-34.5,97.1
Germany,Saxony,DED,32414.1,77.5,3.8,0.8,81.3,93.0,2.0,13.0,81.1,98.4,11.3,6.7,-44.2,90.8
Germany,Saxony-Anhalt,DEE,31652.6,73.9,4.2,1.0,79.2,90.9,2.1,14.9,77.7,98.2,10.8,6.9,-42.2,87.1
Germany,Schleswig-Holstein,DEF,36420.7,76.0,3.7,0.7,80.8,82.5,1.9,13.6,83.5,98.4,10.8,7.1,-27.5,88.9
Germany,Thuringia,DEG,32013.5,76.3,3.7,0.6,80.5,91.6,2.0,13.6,80.7,98.1,10.5,6.8,-53.9,95.6
Greece,Attica,EL30,24050.4,57.4,8.2,0.9,81.7,89.4,1.3,9.2,56.0,,12.9,6.0,-46.8,84.2
Greece,North Aegean,EL41,17479.8,60.2,9.5,0.0,83.8,73.8,1.3,7.8,43.5,,11.2,5.9,-71.6,85.3
Greece,South Aegean,EL42,24462.3,62.8,11.9,0.9,82.7,69.2,1.2,8.4,47.7,,12.1,6.1,-75.3,86.6
Greece,Crete,EL43,19772.4,54.9,8.6,0.6,82.4,76.4,1.3,8.7,58.4,,11.9,5.9,-74.2,88.2
Greece,"Eastern Macedonia, Thrace",EL51,17333.1,71.4,15.6,0.5,80.7,67.8,1.2,9.7,47.6,,9.0,5.8,-67.7,79.4
Greece,Central Macedonia,EL52,19628.7,62.8,16.5,0.7,81.7,83.0,1.3,9.1,55.3,,10.6,5.9,-50.9,87.5
Greece,Western Macedonia,EL53,20568.6,73.1,7.1,0.8,82.2,81.0,1.2,8.9,47.2,,8.8,5.8,-74.5,83.4
Greece,Epirus,EL54,19394.6,56.2,10.9,0.3,83.7,82.5,1.3,7.8,52.1,,9.1,6.2,-77.4,89.4
Greece,Thessaly,EL61,18217.2,48.9,7.6,0.3,81.5,82.0,1.2,9.2,55.9,,9.4,5.5,-71.6,71.5
Greece,Ionian Islands,EL62,25701.9,69.0,12.2,1.0,81.8,79.0,1.4,9.2,45.8,,11.8,6.2,-73.2,79.0
Greece,Western Greece,EL63,17440.5,73.1,10.3,0.6,81.7,76.9,1.2,9.0,51.9,,9.7,5.9,-73.6,86.4
Greece,Central Greece,EL64,17756.7,82.2,13.7,1.0,81.8,71.8,1.3,9.1,55.2,,9.2,5.7,-77.7,78.3
Greece,Peloponnese,EL65,18792.6,68.1,5.0,0.8,81.5,77.3,1.4,9.3,48.0,,9.0,5.8,-70.5,88.1
Hungary,Budapest,HU11,33442.6,77.8,2.6,0.8,77.9,96.7,1.7,11.1,75.3,98.5,15.2,6.1,18.4,95.0
Hungary,Pest,HU12,21812.6,79.5,3.0,0.7,77.2,92.0,1.5,12.5,72.9,95.9,14.5,6.1,6.5,94.9
Hungary,Central Transdanubia,HU21,20706.5,79.9,2.8,0.2,76.6,87.9,1.6,12.9,70.9,95.2,12.3,6.2,8.2,94.3
Hungary,Western Transdanubia,HU22,19760.3,78.6,3.4,0.9,77.3,90.0,1.6,12.4,73.4,95.9,12.0,6.4,-7.2,96.1
Hungary,Southern Transdanubia,HU23,17287.4,67.9,7.8,0.8,76.6,83.2,1.6,13.0,68.1,92.6,11.4,5.6,-5.6,94.4
Hungary,Northern Hungary,HU31,15354.9,68.5,7.8,0.7,74.8,79.9,1.6,14.1,66.9,92.5,11.6,6.0,7.1,91.3
Hungary,Northern Great Plain,HU32,16212.1,64.9,6.5,0.9,75.6,82.1,1.4,13.6,65.8,93.2,11.4,5.8,-1.7,93.6
Hungary,Southern Great Plain,HU33,17688.7,72.4,4.9,0.5,76.2,86.9,1.7,13.3,68.1,92.1,11.4,6.2,-14.1,94.2
Iceland,Greater Reykjavík,IS01,31426.4,83.4,3.4,1.6,,,1.5,6.1,66.8,,6.7,7.5,40.8,97.2
Iceland,Other regions,IS02,28896.8,86.5,2.5,0.7,,,1.6,6.7,67.2,,6.2,7.6,16.1,98.6
Ireland,Northern and Western,IE04,27628.5,70.0,4.7,0.1,82.9,87.3,2.2,8.2,61.7,93.5,7.4,6.9,-25.3,91.2
Ireland,Southern,IE05,29710.4,78.4,4.3,0.9,82.3,88.6,2.2,8.5,60.6,93.1,7.7,6.9,-15.8,92.5
Ireland,Eastern and Midland,IE06,30728.0,80.1,4.5,0.8,83.3,90.7,1.9,7.9,58.3,93.6,7.4,7.0,3.5,91.1
Israel,Jerusalem,IL01,11428.3,56.5,5.2,0.7,83.3,82.8,0.9,7.0,63.3,69.7,20.1,7.9,17.1,93.3
Israel,North,IL02,11804.3,67.9,2.6,2.0,81.6,81.4,1.1,8.0,59.4,69.7,19.9,6.7,21.7,91.1
Israel,Haifa,IL03,15430.2,68.0,3.0,,82.4,87.8,1.3,7.8,59.0,82.5,20.5,6.9,28.0,93.3
Israel,Central,IL04,17930.0,73.7,2.6,1.8,84.0,91.9,1.3,6.7,68.7,80.2,20.9,7.4,30.3,94.6
Israel,Tel Aviv,IL05,20515.4,78.2,3.3,1.3,83.1,92.8,1.3,7.6,63.4,83.5,21.0,7.7,30.6,96.4
Israel,South,IL06,11247.8,60.3,3.0,1.1,81.3,82.8,1.2,8.6,62.2,72.6,20.9,7.2,26.9,91.3
Italy,Piedmont,ITC1,35237.1,74.7,6.1,0.5,83.4,67.5,1.4,7.9,66.3,82.2,18.5,6.1,-7.4,83.3
Italy,Aosta Valley,ITC2,34378.9,75.4,3.6,0.0,82.9,63.3,1.5,7.4,60.6,84.3,8.0,6.7,-43.2,83.3
Italy,Liguria,ITC3,34861.6,73.6,4.8,0.9,83.5,71.5,1.6,7.8,64.2,86.0,12.6,6.8,-12.0,94.2
Italy,Lombardy,ITC4,38764.2,68.8,3.3,0.4,84.1,69.4,1.3,7.3,70.1,85.1,21.9,6.6,-5.3,86.4
Italy,Abruzzo,ITF1,28814.0,62.1,7.2,0.7,83.4,71.5,1.5,8.2,64.0,79.7,10.6,6.3,-4.2,86.1
Italy,Molise,ITF2,26817.8,67.6,6.4,0.0,82.5,68.9,1.6,8.6,56.6,79.1,10.2,6.4,1.5,95.6
Italy,Campania,ITF3,23248.1,58.5,14.6,0.7,81.7,58.5,1.4,9.2,53.5,83.2,15.5,6.2,-13.4,84.1
Italy,Apulia,ITF4,24789.4,51.3,11.2,0.7,83.1,56.9,1.4,8.1,56.6,80.5,11.9,6.4,-7.9,88.1
Italy,Basilicata,ITF5,25291.1,56.3,7.0,0.4,83.0,66.0,1.5,8.4,58.8,78.2,9.8,6.2,-12.4,86.3
Italy,Calabria,ITF6,23734.0,44.9,15.1,0.7,82.3,61.5,1.6,8.8,50.8,75.9,11.3,5.8,-18.9,82.6
Italy,Sicily,ITG1,24534.9,46.8,12.0,0.6,82.1,56.1,1.4,9.1,57.4,80.2,12.2,6.5,3.0,85.5
Italy,Sardinia,ITG2,27334.5,64.7,8.2,1.0,82.8,56.8,1.7,7.9,53.2,85.0,11.0,6.0,-12.5,91.4
Italy,Province of Bolzano-Bozen,ITH1,43632.7,68.2,1.9,0.4,84.6,69.5,1.4,6.8,68.8,86.7,9.1,7.2,-44.7,89.6
Italy,Province of Trento,ITH2,34255.9,65.6,2.8,0.6,84.7,77.2,1.3,6.8,68.6,88.1,11.4,6.7,-2.1,89.6
Italy,Veneto,ITH3,34583.0,77.4,3.0,0.5,84.2,69.7,1.5,7.2,70.1,86.6,20.1,6.5,-11.5,85.2
Italy,Friuli-Venezia Giulia,ITH4,33889.9,74.8,5.2,0.5,83.8,74.9,1.7,7.4,66.2,87.9,14.1,6.0,-7.2,91.0
Italy,Emilia-Romagna,ITH5,37355.9,76.2,4.4,0.6,84.0,71.6,1.5,7.6,71.9,86.3,16.4,6.5,-4.1,88.1
Italy,Tuscany,ITI1,33182.4,77.3,3.2,0.6,84.0,67.6,1.6,7.4,69.7,87.1,11.6,6.4,-29.1,82.0
Italy,Umbria,ITI2,31686.1,74.2,4.9,0.5,83.9,75.9,1.7,7.6,71.2,82.8,10.0,6.8,-22.9,89.4
Italy,Marche,ITI3,31964.8,67.2,5.2,0.5,84.2,70.3,1.5,7.4,68.4,82.6,12.2,6.4,-16.7,90.0
Italy,Lazio,ITI4,32697.9,55.6,7.6,0.6,83.3,75.1,1.4,8.1,64.4,86.5,15.0,6.4,-2.9,85.2
Japan,Hokkaido,JPA,22522.3,84.0,2.8,0.7,84.2,92.9,1.9,7.5,54.0,62.1,11.6,5.9,-15.7,83.3
Japan,Tohoku,JPB,21439.5,75.1,2.9,0.5,84.0,93.7,1.8,7.7,53.2,68.6,11.6,5.8,8.6,89.0
Japan,"Northern-Kanto, Koshin",JPC,22724.9,84.5,2.5,0.6,84.4,94.1,1.8,7.4,50.4,76.0,14.4,6.2,4.1,90.0
Japan,Southern-Kanto,JPD,25052.8,79.3,2.9,0.7,84.7,95.8,1.6,6.9,53.6,84.7,21.7,,14.7,87.8
Japan,Hokuriku,JPE,23132.3,84.7,2.4,0.5,84.8,94.5,1.8,7.3,52.6,76.2,14.2,6.0,7.0,84.7
Japan,Toukai,JPF,23550.1,73.9,2.2,0.8,84.7,93.4,1.8,7.1,52.6,78.6,15.3,6.0,11.6,86.2
Japan,Kinki,JPG,21790.5,83.2,3.3,1.0,84.7,94.6,1.8,7.0,52.4,80.2,18.9,6.0,9.6,86.9
Japan,Chugoku,JPH,21793.6,74.4,2.3,0.5,85.0,94.7,1.9,7.1,48.1,68.3,15.7,5.8,-2.7,88.7
Japan,Shikoku,JPI,20406.5,74.1,2.4,0.7,84.5,93.6,1.9,7.5,48.0,65.2,14.0,5.8,0.0,88.1
Japan,"Kyushu, Okinawa",JPJ,20429.5,82.0,2.6,0.7,84.7,93.7,1.7,7.3,49.4,65.7,15.6,5.8,-8.3,89.9
Korea,Capital Region,KR01,26075.8,70.0,2.8,1.1,84.2,93.4,1.5,6.3,76.9,100.0,34.6,6.1,9.9,81.8
Korea,Gyeongnam,KR02,24537.1,66.7,2.9,1.4,82.7,91.3,1.6,7.3,76.2,100.0,22.9,5.8,-6.4,75.2
Korea,Gyeongbuk,KR03,24022.9,68.3,2.6,1.0,82.9,90.4,1.7,7.1,78.4,100.0,24.4,5.8,7.5,76.5
Korea,Jeolla,KR04,24422.9,67.7,2.5,0.8,82.9,90.4,1.7,7.2,81.0,100.0,26.4,5.9,-3.1,78.4
Korea,Chungcheong,KR05,27207.0,71.6,2.6,1.5,83.0,91.0,1.7,7.5,75.2,100.0,30.6,5.8,4.6,78.8
Korea,Gangwon,KR06,23972.9,67.3,2.5,0.8,82.8,89.3,1.7,7.2,76.1,100.0,22.2,5.9,-4.0,79.9
Korea,Jeju,KR07,23098.9,74.0,1.9,1.0,83.7,92.8,1.6,6.8,72.6,99.1,18.5,6.4,-15.0,83.1
Latvia,Latgale,LV005,10059.9,60.6,10.9,9.6,73.3,89.5,1.2,12.7,57.1,88.8,8.4,5.8,-97.5,90.3
Latvia,Zemgale,LV009,13341.6,69.2,7.7,4.0,74.8,86.7,1.3,11.6,62.1,94.0,9.3,6.2,-97.4,93.3
Latvia,Riga,LV00A,,,6.1,5.1,76.5,,1.1,12.1,67.1,96.2,12.4,6.2,-90.6,90.7
Latvia,Kurzeme,LV00B,,,5.2,3.4,75.5,,1.2,12.9,64.2,95.7,10.4,6.1,-97.2,92.6
Latvia,Vidzeme,LV00C,,,6.8,2.0,75.1,,1.3,11.6,66.5,92.0,11.6,6.5,-92.0,94.9
Lithuania,Vilnius,LT011,22720.4,77.5,6.3,3.3,78.2,97.6,1.5,9.1,54.6,93.5,10.0,6.7,-85.6,85.7
Lithuania,Alytus,LT021,17780.4,62.1,11.4,2.2,75.8,97.9,1.7,10.1,50.9,83.3,9.5,6.5,-99.1,88.5
Lithuania,Kaunas,LT022,20243.3,82.2,7.9,1.9,77.9,96.1,1.6,9.4,53.2,93.3,9.6,6.5,-92.3,84.4
Lithuania,Klaipeda,LT023,20126.7,73.3,6.4,2.6,78.2,95.5,1.5,9.4,48.9,92.9,11.6,6.5,-95.3,81.9
Lithuania,Marijampole,LT024,14842.0,68.1,8.7,3.7,76.1,90.3,1.9,10.7,48.6,91.4,9.6,6.5,-99.0,84.9
Lithuania,Panevezys,LT025,15086.7,65.8,9.1,2.4,76.5,91.7,1.8,10.0,51.0,87.8,8.9,6.5,-98.6,85.6
Lithuania,Siauliai,LT026,17615.4,66.2,7.1,1.9,77.3,91.9,1.5,9.9,51.4,87.0,9.0,6.5,-97.7,86.6
Lithuania,Taurage,LT027,17101.0,59.9,10.0,6.7,75.5,88.3,1.8,11.0,50.0,83.3,9.5,6.5,-99.5,88.0
Lithuania,Telsiai,LT028,16625.4,67.4,5.5,0.8,77.2,91.9,1.5,9.8,49.8,84.3,9.4,6.5,-99.0,85.0
Lithuania,Utena,LT029,15178.8,61.6,18.8,1.6,75.6,90.1,1.9,10.9,48.8,80.0,8.9,6.5,-98.9,78.9
Luxembourg,Luxembourg,LU00,45343.7,70.3,6.6,1.4,83.4,82.4,2.0,7.9,87.2,97.4,10.5,7.2,4.5,88.7
Mexico,Aguascalientes,ME01,9368.9,62.5,2.8,7.0,76.8,47.9,1.6,12.1,60.6,75.7,9.3,6.1,-55.0,74.3
Mexico,Baja California Norte,ME02,10864.4,64.0,2.7,67.7,76.6,51.1,1.5,12.5,48.7,82.8,13.3,7.4,-49.4,86.4
Mexico,Baja California Sur,ME03,12167.5,71.9,2.5,5.5,77.2,50.3,1.4,12.1,55.4,75.3,8.0,5.8,-56.3,61.1
Mexico,Campeche,ME04,6959.6,64.7,2.0,10.9,74.5,45.6,1.2,11.5,64.6,64.5,12.6,6.5,-67.4,77.5
Mexico,Coahuila,ME05,9712.6,63.5,4.0,3.5,77.1,43.8,1.7,13.6,65.8,69.9,10.4,7.0,-52.9,77.7
Mexico,Colima,ME06,10096.7,71.2,2.3,114.0,76.2,53.3,1.5,12.9,59.0,76.0,15.0,6.5,-60.5,92.4
Mexico,Chiapas,ME07,3883.5,56.3,2.1,11.0,73.0,30.7,1.1,12.3,62.6,38.2,15.9,6.3,-73.5,79.3
Mexico,Chihuahua,ME08,10331.0,65.7,2.4,55.9,76.6,48.6,1.8,14.5,53.2,69.9,8.0,7.0,-57.7,83.6
Mexico,City of Mexico,ME09,13483.1,68.7,4.1,8.0,76.8,66.5,1.8,10.8,70.3,85.8,24.9,7.1,-39.7,86.3
Mexico,Durango,ME10,7137.5,64.0,3.2,5.1,75.5,42.8,1.5,12.2,55.5,59.9,9.0,6.5,-60.2,81.2
Mexico,Guanajuato,ME11,7512.9,63.3,3.2,61.2,74.9,35.8,1.3,12.9,57.0,64.2,12.0,6.1,-59.1,79.3
Mexico,Guerrero,ME12,4925.9,64.4,1.0,47.7,73.1,36.7,1.1,9.5,58.5,53.5,12.3,5.8,-69.9,75.4
Mexico,Hidalgo,ME13,6468.7,63.1,2.2,12.2,73.9,37.5,1.5,10.4,64.7,58.2,13.6,6.3,-67.4,80.8
Mexico,Jalisco,ME14,9649.4,64.4,2.5,20.4,76.0,46.9,1.5,12.3,58.3,75.6,13.8,7.1,-49.9,89.3
Mexico,Mexico,ME15,7833.6,62.6,3.5,16.7,75.1,50.9,1.4,11.3,64.8,75.4,21.7,6.5,-47.7,83.8
Mexico,Michoacan,ME16,7213.3,65.2,2.3,37.0,74.1,34.3,1.4,11.4,55.8,56.8,13.6,6.0,-67.2,75.8
Mexico,Morelos,ME17,7140.3,61.8,1.8,78.4,74.3,47.5,1.4,12.3,63.7,69.5,20.1,6.0,-56.5,72.3
Mexico,Nayarit,ME18,8104.3,70.8,2.0,11.6,75.6,46.9,1.5,10.7,56.8,63.6,10.6,7.2,-60.4,89.2
Mexico,Nuevo Leon,ME19,12665.4,65.7,3.0,22.9,77.7,44.2,1.7,12.4,57.3,81.4,14.6,6.7,-48.2,83.0
Mexico,Oaxaca,ME20,5350.6,62.1,1.3,19.2,73.3,31.8,1.2,11.5,60.5,47.2,11.4,5.9,-78.6,86.5
Mexico,Puebla,ME21,6117.1,64.7,2.3,15.0,73.9,40.7,1.4,12.4,66.0,57.8,14.8,6.0,-53.9,74.6
Mexico,Queretaro,ME22,10463.5,63.7,3.7,9.0,76.3,47.6,1.5,11.7,64.0,77.1,11.7,7.0,-51.4,82.3
Mexico,Quintana Roo,ME23,9410.0,67.7,2.6,36.7,76.0,50.2,1.2,12.1,56.6,77.2,11.5,5.9,-60.2,80.1
Mexico,San Luis Potosi,ME24,7720.3,63.6,3.1,19.4,75.3,40.3,1.5,11.8,62.4,65.1,10.6,6.2,-59.8,85.2
Mexico,Sinaloa,ME25,9032.1,65.0,2.7,21.0,76.1,52.4,1.4,9.9,56.2,80.2,8.7,6.8,-52.3,83.2
Mexico,Sonora,ME26,10592.0,64.9,4.1,49.5,76.8,49.1,1.5,13.2,51.1,80.6,6.9,7.0,-53.4,94.1
Mexico,Tabasco,ME27,7238.0,59.5,4.8,11.0,73.8,47.3,1.3,11.9,61.4,57.7,20.6,6.5,-62.8,82.0
Mexico,Tamaulipas,ME28,8458.7,63.8,3.1,15.7,75.9,48.2,1.5,11.2,57.0,68.4,11.7,6.6,-52.7,88.6
Mexico,Tlaxcala,ME29,6095.0,63.9,2.5,9.8,74.2,43.3,1.3,11.3,71.0,55.3,15.8,5.7,-67.1,78.0
Mexico,Veracruz,ME30,5976.5,59.8,2.3,9.7,73.7,40.4,1.4,11.7,60.3,53.8,15.3,5.9,-62.1,78.3
Mexico,Yucatan,ME31,8462.7,70.2,1.8,2.2,75.0,42.1,1.3,11.8,72.7,65.4,11.3,6.3,-60.7,81.2
Mexico,Zacatecas,ME32,6227.8,59.3,2.5,65.9,74.4,30.9,1.5,12.7,60.8,68.5,7.5,6.2,-74.5,80.5
Netherlands,Groningen,NL11,28803.1,81.3,5.1,0.8,80.8,83.1,2.2,9.6,81.3,98.6,11.0,7.4,5.9,92.8
Netherlands,Friesland,NL12,29166.1,81.3,3.8,0.0,81.9,81.0,2.2,8.9,82.5,96.9,10.8,7.4,2.0,89.3
Netherlands,Drenthe,NL13,29848.4,77.2,3.8,1.2,81.6,79.4,2.2,9.1,82.4,97.5,10.9,7.6,11.1,96.8
Netherlands,Overijssel,NL21,30186.6,82.6,3.5,0.4,81.7,80.9,2.1,9.0,83.5,99.4,11.3,7.3,13.7,91.5
Netherlands,Gelderland,NL22,31170.2,82.9,3.6,0.1,82.1,81.6,2.1,8.8,83.3,98.7,11.6,7.4,8.3,94.1
Netherlands,Flevoland,NL23,30311.1,79.8,4.5,1.8,82.0,78.5,2.1,8.9,79.7,98.2,11.4,7.4,28.5,92.1
Netherlands,North Holland,NL32,34382.1,77.8,3.8,0.1,82.1,82.0,2.0,8.9,81.9,98.5,12.5,7.4,18.1,93.3
Netherlands,Zeeland,NL34,30435.8,80.1,2.1,7.1,82.2,75.9,2.0,8.6,81.3,100.0,12.4,7.6,-4.6,94.3
Netherlands,Utrecht,NL35,34027.5,84.0,3.5,1.1,82.1,86.0,2.0,7.4,84.8,99.5,11.9,7.4,17.4,94.7
Netherlands,South Holland,NL36,31783.0,80.9,4.4,0.7,81.7,79.9,2.0,7.7,80.2,98.4,13.4,7.4,18.3,91.6
Netherlands,North Brabant,NL41,32109.5,86.3,3.7,0.0,81.8,79.6,2.3,8.9,81.3,98.5,11.9,7.3,11.0,91.7
Netherlands,Limburg,NL42,30023.0,79.4,3.3,0.4,81.8,76.5,2.3,8.9,78.3,98.1,11.8,7.1,7.0,93.6
New Zealand,Northland Region,NZ11,18714.5,67.6,4.8,1.2,80.4,73.1,2.5,9.4,79.5,,8.1,6.9,-39.0,95.8
New Zealand,Auckland Region,NZ12,27232.1,74.4,3.1,1.3,82.7,84.1,2.2,7.8,74.4,,8.8,7.0,-1.4,93.8
New Zealand,Waikato Region,NZ13,22940.3,79.3,4.0,0.9,81.0,79.6,2.4,8.9,78.6,,6.1,7.1,-20.9,96.1
New Zealand,Bay of Plenty Region,NZ14,23350.9,71.7,5.2,0.7,81.3,81.4,2.4,8.5,78.8,,5.5,7.1,-19.9,94.8
New Zealand,Gisborne Region,NZ15,23990.0,75.5,4.8,2.1,79.7,73.4,2.3,11.4,73.3,,5.2,6.3,-31.5,96.2
New Zealand,Hawke's Bay Region,NZ16,,,,,80.7,,2.5,10.2,81.1,,5.0,7.0,-23.3,92.9
New Zealand,Taranaki Region,NZ17,22397.6,72.1,3.8,0.9,81.4,78.7,2.6,9.2,81.4,,8.3,7.3,-22.9,92.8
New Zealand,Manawatu-Wanganui Region,NZ18,23416.8,78.5,4.0,,80.3,78.0,2.6,9.7,77.6,,5.3,7.2,-29.4,92.8
New Zealand,Wellington Region,NZ19,30163.3,83.3,3.1,0.6,82.3,86.2,2.5,8.0,82.0,,6.6,7.1,-2.5,95.3
New Zealand,Tasman-Nelson-Marlborough,NZ21,26077.3,81.4,2.7,,82.8,77.1,2.7,8.6,78.0,,3.7,7.5,-37.8,94.1
New Zealand,West Coast Region,NZ22,,,,,80.6,,2.8,10.6,81.5,,6.9,6.7,-47.4,95.7
New Zealand,Canterbury Region,NZ23,24346.3,84.4,3.2,0.9,82.0,79.4,2.6,8.9,80.8,,4.7,7.3,-12.9,95.0
New Zealand,Otago Region,NZ24,23600.8,77.1,3.0,1.4,82.1,81.9,2.6,10.4,82.1,,4.1,7.2,-26.7,96.9
New Zealand,Southland Region,NZ25,23077.9,77.2,3.2,,80.7,67.4,2.7,10.9,79.9,,5.2,7.1,-29.8,90.2
Norway,Hedmark and Oppland,NO02,30494.5,73.1,3.5,0.8,82.0,79.4,2.6,8.9,75.6,100.0,4.9,7.1,-15.9,94.5
Norway,Trøndelag,NO06,31530.2,77.0,3.9,1.5,83.2,85.7,2.3,8.0,78.0,99.9,5.1,7.8,-15.4,95.4
Norway,Northern Norway,NO07,31632.8,77.4,2.8,0.6,82.4,80.2,2.4,8.4,74.1,99.5,4.8,7.5,-12.2,91.4
Norway,Oslo and Viken,NO08,33878.7,76.5,4.8,0.8,83.4,84.8,1.9,7.9,77.3,98.0,7.7,7.6,-1.9,92.9
Norway,Agder and Sør-Østlandet,NO09,30494.5,73.3,4.2,0.5,82.8,81.5,2.5,8.3,76.0,98.0,6.9,7.5,-15.0,95.0
Norway,Western Norway,NO0A,32254.5,78.2,3.8,0.5,83.3,84.7,2.4,8.0,78.7,98.0,7.1,7.6,-15.1,95.0
Poland,Lesser Poland,PL21,23272.4,74.8,2.5,0.8,79.7,95.9,1.3,10.3,75.4,92.0,15.5,6.3,-2.9,85.1
Poland,Silesia,PL22,26697.2,75.2,2.4,1.9,77.8,95.9,1.4,11.4,74.5,95.0,19.5,6.2,-2.1,89.0
Poland,Greater Poland,PL41,24906.8,72.5,2.3,1.0,78.3,95.4,1.4,11.2,76.1,96.0,12.4,6.7,-2.6,88.9
Poland,West Pomerania,PL42,23960.6,64.4,2.8,2.1,77.7,93.2,1.4,11.5,71.8,91.0,10.7,6.4,6.3,93.5
Poland,Lubusz,PL43,21412.8,70.7,2.2,2.5,77.9,93.6,1.4,11.5,71.4,94.0,11.5,5.8,9.2,85.4
Poland,Lower Silesia,PL51,24603.4,78.7,3.9,1.2,78.1,95.1,1.4,11.2,74.0,94.0,12.7,6.7,2.1,94.1
Poland,Opole region,PL52,22773.4,64.9,2.5,1.1,78.8,94.4,1.5,10.8,66.6,94.0,13.6,6.0,-6.7,87.7
Poland,Kuyavian-Pomerania,PL61,22735.5,77.2,3.0,0.9,77.7,92.9,1.3,11.4,71.8,97.0,12.1,6.7,-3.9,93.0
Poland,Warmian-Masuria,PL62,22446.4,62.4,3.7,0.8,77.7,90.7,1.3,11.5,67.9,93.0,10.6,5.7,11.2,62.0
Poland,Pomerania,PL63,23372.1,72.9,2.2,1.4,78.7,94.6,1.3,10.8,75.3,95.0,11.3,6.4,3.4,77.0
Poland,Lodzkie,PL71,24878.6,65.6,3.6,2.3,77.3,93.9,1.4,11.9,76.1,93.0,13.5,5.9,1.2,86.2
Poland,Swietokrzyskie,PL72,22603.2,73.8,3.8,0.4,78.0,93.9,1.3,11.3,71.1,95.0,13.0,6.1,-14.4,91.5
Poland,Lublin Province,PL81,22081.1,70.0,3.2,1.5,78.4,93.8,1.3,11.0,70.5,93.0,11.9,6.1,-3.2,89.9
Poland,Podkarpacia,PL82,20123.1,71.8,3.7,1.3,79.8,95.4,1.3,10.0,70.0,98.0,12.5,6.4,-24.6,92.8
Poland,Podlaskie,PL84,22279.9,64.8,3.0,1.4,78.9,92.4,1.4,10.4,70.3,95.0,10.7,6.1,-12.4,86.2
Poland,Warsaw's capital city,PL91,32024.6,77.5,2.5,1.1,79.6,98.0,1.4,10.3,83.7,96.0,14.5,6.6,22.3,95.1
Poland,Mazowiecki region,PL92,25606.6,64.2,4.1,1.9,77.3,93.9,1.3,11.8,73.4,96.0,12.5,6.4,-4.4,95.1
Portugal,North,PT11,23640.8,68.9,7.4,0.4,81.8,56.4,2.0,8.0,67.8,85.1,10.4,6.0,11.3,88.5
Portugal,Algarve,PT15,32508.9,71.9,6.1,1.2,80.2,60.9,1.9,9.2,61.7,87.1,9.1,6.2,-22.4,85.1
Portugal,Central Portugal,PT19,25139.9,75.2,5.4,0.4,81.6,60.9,2.2,8.1,64.7,84.8,9.6,5.9,-2.9,86.2
Portugal,Greater Lisbon,PT1A,31745.3,73.8,6.9,0.8,81.2,74.7,1.9,8.1,68.8,91.5,11.6,6.1,19.4,88.9
Portugal,Setúbal Peninsula,PT1B,26190.6,72.5,7.7,1.6,80.5,70.2,1.9,9.0,67.1,90.9,11.6,6.1,19.4,86.7
Portugal,Alentejo,PT1C,26629.9,68.9,5.6,1.1,80.1,57.9,2.1,9.6,65.6,83.7,8.5,6.0,-20.6,86.6
Portugal,West and Tagus Valley,PT1D,25091.8,71.6,6.9,0.2,80.8,56.1,2.1,8.7,66.9,83.4,8.5,6.0,-20.6,83.2
Portugal,Azores (Autonomous Region),PT20,26246.1,66.0,0.0,1.2,78.2,42.2,1.9,10.7,46.2,90.6,14.1,5.7,-5.3,88.2
Portugal,Madeira (Autonomous Region),PT30,26245.1,71.5,6.0,0.8,79.1,48.3,1.7,9.7,58.9,88.9,11.6,6.4,-8.0,85.2
Slovak Republic,Bratislava Region,SK01,30046.6,78.7,2.3,1.3,80.4,97.7,1.2,9.7,74.5,94.3,12.1,6.4,-7.7,93.9
Slovak Republic,West Slovakia,SK02,18757.3,78.1,2.9,0.9,78.3,95.1,1.2,11.3,68.7,89.6,11.4,6.3,-35.1,93.9
Slovak Republic,Central Slovakia,SK03,19887.8,69.3,5.2,0.9,77.6,94.9,1.1,11.7,68.9,90.3,10.1,6.2,-36.8,93.8
Slovak Republic,East Slovakia,SK04,17840.7,61.2,9.8,1.3,77.8,89.8,1.1,11.2,63.8,89.8,10.5,6.4,-24.2,93.6
Slovenia,Eastern Slovenia,SI03,26733.5,68.5,4.3,0.1,81.1,87.9,1.6,9.4,50.8,93.0,13.4,6.5,-37.0,93.0
Slovenia,Western Slovenia,SI04,27818.0,77.4,2.9,0.5,83.1,90.3,1.6,8.0,54.8,95.0,13.6,6.9,-17.6,94.9
Spain,Galicia,ES11,25278.1,66.1,8.9,0.7,83.6,65.6,2.2,7.6,61.4,95.1,9.6,6.2,19.1,91.9
Spain,Asturias,ES12,27903.4,64.9,10.2,0.7,83.1,71.5,2.1,8.2,62.9,93.8,11.0,5.5,19.1,94.2
Spain,Cantabria,ES13,26585.3,62.8,7.9,0.5,84.2,73.6,2.1,7.6,69.9,96.0,12.0,6.8,17.3,91.7
Spain,Basque Country,ES21,34195.9,70.2,7.5,0.3,84.4,79.2,2.0,7.3,65.1,96.2,10.5,6.4,34.8,91.4
Spain,Navarra,ES22,30164.1,65.8,8.5,0.6,84.8,73.1,2.1,7.2,66.4,97.0,7.8,7.2,22.9,100.0
Spain,La Rioja,ES23,27109.6,68.5,9.5,1.8,84.2,63.4,2.1,7.7,70.2,96.1,6.5,6.2,32.7,95.3
Spain,Aragon,ES24,28521.2,74.3,6.7,0.6,84.1,65.5,2.0,7.7,70.7,97.4,6.9,6.7,13.3,92.8
Spain,Madrid,ES30,31879.0,73.7,9.5,0.3,85.4,74.2,1.9,6.5,69.7,98.0,10.0,6.4,36.7,92.9
Spain,Castile and Leon,ES41,26347.4,67.7,9.4,0.5,84.5,65.6,2.3,7.2,69.4,95.4,5.9,6.5,22.6,94.5
Spain,Castile-La Mancha,ES42,23183.7,63.1,10.1,0.6,83.8,54.9,2.1,7.8,73.0,96.0,7.0,6.2,22.9,88.1
Spain,Extremadura,ES43,21599.7,54.3,13.5,0.7,83.1,54.1,2.2,8.2,71.7,95.0,6.3,5.8,9.8,92.9
Spain,Catalonia,ES51,28583.1,66.0,9.0,0.9,84.0,68.2,1.9,7.5,62.7,97.7,12.2,6.6,16.1,94.5
Spain,Valencia,ES52,23063.8,69.4,11.3,1.1,83.1,60.7,2.0,7.8,71.5,97.8,9.4,6.7,0.6,94.5
Spain,Balearic Islands,ES53,26908.8,64.7,8.2,0.6,83.7,61.1,1.8,7.7,61.3,97.7,11.5,6.8,-9.5,98.6
Spain,Andalusia,ES61,21391.7,64.8,19.3,0.9,82.5,58.0,1.9,8.4,66.4,96.3,8.2,6.4,3.7,91.2
Spain,Murcia,ES62,22631.1,68.2,14.3,0.9,82.8,54.2,1.9,8.2,68.7,97.2,9.1,6.8,-2.3,97.5
Spain,Ceuta,ES63,23767.3,57.4,37.5,0.0,81.1,55.4,1.5,9.3,53.2,98.8,14.0,,31.7,
Spain,Melilla,ES64,22377.9,47.5,27.8,0.0,81.6,52.4,1.5,9.0,45.2,96.7,12.7,,19.5,89.2
Spain,Canary Islands,ES70,21869.3,62.3,15.4,0.6,82.5,62.3,1.6,8.2,58.2,96.8,13.7,6.2,-22.0,89.8
Sweden,Stockholm,SE11,35882.0,77.9,8.3,1.7,85.0,90.2,1.5,7.2,83.1,100.0,7.0,7.3,1.7,94.2
Sweden,Eastern Central Sweden,SE12,28806.6,74.1,9.7,0.8,83.6,87.0,1.7,7.9,84.7,100.0,5.8,7.3,-19.0,94.0
Sweden,Småland with Islands,SE21,28584.7,77.1,7.2,0.4,84.0,87.2,1.9,7.9,85.7,100.0,6.5,7.5,-22.8,92.8
Sweden,South Sweden,SE22,29708.4,76.0,9.3,1.2,83.7,88.3,1.8,8.1,83.2,100.0,8.9,7.4,-13.1,93.8
Sweden,West Sweden,SE23,30708.0,74.9,8.3,0.8,83.7,88.6,1.8,7.9,84.6,100.0,7.1,7.4,-5.2,93.3
Sweden,Northern Central Sweden,SE31,28431.9,81.2,7.1,0.9,83.3,87.1,1.9,8.2,84.7,100.0,5.0,7.2,-35.3,91.6
Sweden,Central Norrland,SE32,28641.4,76.2,6.8,1.3,82.8,88.1,2.0,8.5,85.1,100.0,4.4,7.4,-23.4,91.1
Sweden,Upper Norrland,SE33,29466.7,79.0,5.4,1.9,82.7,92.9,1.9,8.5,85.2,100.0,6.2,7.4,-33.0,93.6
Switzerland,Lake Geneva Region,CH01,61830.7,70.4,7.4,1.2,84.8,81.6,1.5,7.0,42.1,99.8,10.8,7.2,29.8,91.8
Switzerland,Espace Mittelland,CH02,60548.8,81.5,3.9,0.7,83.7,86.3,1.8,7.7,47.7,99.8,11.8,7.2,24.5,91.5
Switzerland,Northwestern Switzerland,CH03,65232.9,76.1,4.4,0.4,84.3,86.6,1.7,7.4,46.7,99.8,13.8,7.2,30.1,92.7
Switzerland,Zurich,CH04,74921.0,81.3,3.6,0.4,84.4,89.0,1.6,7.2,47.0,100.0,14.1,7.4,43.3,92.4
Switzerland,Eastern Switzerland,CH05,60840.9,79.3,2.7,0.6,83.9,86.2,1.8,7.5,45.9,99.0,12.4,7.5,19.6,92.1
Switzerland,Central Switzerland,CH06,68990.2,84.2,2.2,0.0,84.5,89.3,1.7,7.2,52.3,99.1,13.8,7.3,26.8,94.2
Switzerland,Ticino,CH07,51787.0,64.7,7.0,0.3,85.2,85.3,1.7,6.8,48.0,99.2,13.7,7.1,21.6,90.2
Türkiye,Istanbul,TR10,,40.1,8.8,2.3,77.1,55.0,1.5,8.7,90.6,,20.0,5.0,-38.3,82.0
Türkiye,Western Marmara - North,TR21,,77.1,6.9,2.9,76.0,48.3,1.6,10.1,90.7,,10.8,5.0,-59.9,81.6
Türkiye,Western Marmara - South,TR22,,73.0,6.3,2.3,76.4,47.9,1.7,9.8,91.4,,12.4,5.4,-67.5,79.7
Türkiye,Izmir,TR31,,40.3,15.1,2.7,76.6,55.1,1.7,9.2,90.3,,16.2,5.0,-43.9,83.7
Türkiye,Aegean - South,TR32,,57.8,8.3,2.4,77.0,47.9,1.7,8.7,90.6,,12.4,5.2,-69.2,87.1
Türkiye,Aegean - North,TR33,,40.1,8.1,2.8,76.1,40.0,1.7,10.1,91.5,,12.0,5.2,-63.8,80.1
Türkiye,Eastern Marmara - South,TR41,,56.2,6.9,2.1,76.6,51.2,1.6,9.7,91.0,,13.5,5.0,-56.7,83.4
Türkiye,Eastern Marmara - North,TR42,,75.2,6.8,2.0,76.8,52.3,1.7,9.4,91.4,,15.0,5.3,-59.6,85.8
Türkiye,Ankara,TR51,,74.0,9.7,2.3,77.2,60.4,1.8,8.5,91.3,,15.0,5.1,-42.6,84.8
Türkiye,Western Anatolia - South,TR52,,72.0,6.1,2.4,76.6,42.6,1.6,9.3,89.3,,11.0,5.9,-70.6,78.6
Türkiye,Mediterranean region - West,TR61,,44.6,7.7,2.7,77.1,51.9,1.6,8.5,89.6,,11.8,4.8,-61.3,83.5
Türkiye,Mediterranean region - Middle,TR62,,71.1,7.0,3.7,75.3,44.4,1.5,10.0,88.5,,15.7,4.4,-61.3,80.0
Türkiye,Mediterranean region - East ,TR63,,49.8,9.1,3.0,55.4,39.6,1.3,19.1,84.8,,15.1,4.7,-78.5,69.9
Türkiye,Central Anatolia - Middle,TR71,,49.6,12.9,3.0,76.6,40.9,1.7,9.3,88.5,,10.5,4.6,-73.7,75.6
Türkiye,Central Anatolia - East,TR72,,69.9,6.9,1.9,76.7,45.0,1.6,9.1,89.9,,11.1,4.9,-56.1,78.1
Türkiye,Western Black Sea - West,TR81,,51.4,9.6,1.7,76.5,41.6,1.7,9.9,89.2,,11.3,5.4,-73.6,82.3
Türkiye,Western Black Sea - Middle,TR82,,55.5,7.5,3.5,77.0,39.0,1.7,9.2,88.2,,9.0,5.3,-68.4,87.8
Türkiye,Western Black Sea - East,TR83,,68.8,10.3,2.3,76.8,42.5,1.6,9.0,90.3,,10.9,5.4,-60.3,88.7
Türkiye,Eastern Black Sea,TR90,,69.0,11.3,1.7,77.5,43.2,1.9,7.9,88.3,,11.0,5.1,-64.0,84.6
Türkiye,Northeast Anatolia - West,TRA1,,50.1,5.9,1.9,77.2,47.0,1.4,8.4,87.4,,9.4,5.7,-68.2,80.8
Türkiye,Northeast Anatolia - East,TRA2,,47.8,11.1,1.9,76.9,28.6,1.1,8.8,76.9,,11.0,3.5,-68.8,62.1
Türkiye,Central East Anatolia - West ,TRB1,,67.4,6.3,3.0,75.4,41.1,1.6,8.6,83.0,,11.9,4.5,-68.3,73.9
Türkiye,Central East Anatolia - East  ,TRB2,,39.5,13.5,1.6,76.3,28.6,1.1,8.8,80.0,,10.9,3.3,-59.0,74.0
Türkiye,Southeast Anatolia - West ,TRC1,,67.6,9.6,3.9,65.2,37.8,1.1,14.4,85.2,,15.2,4.5,-71.0,59.9
Türkiye,Southeast Anatolia - Middle,TRC2,,23.1,9.2,3.0,75.2,27.4,1.0,9.2,81.9,,16.8,3.8,-71.0,73.3
Türkiye,Southeast Anatolia - East,TRC3,,52.0,9.5,2.0,77.0,33.0,1.0,7.7,83.9,,15.7,4.2,-73.7,77.4
United Kingdom,North East England,UKC,26722.4,69.0,3.8,1.1,79.2,75.6,1.9,10.2,57.3,99.8,8.4,7.0,-1.2,89.3
United Kingdom,North West England,UKD,28817.3,75.8,4.0,1.0,79.2,79.9,1.8,10.0,57.4,99.9,8.9,6.9,-8.5,92.1
United Kingdom,Yorkshire and The Humber,UKE,28126.6,77.4,3.2,1.0,79.9,78.2,1.8,9.6,56.3,99.8,8.8,6.6,-8.4,87.5
United Kingdom,East Midlands,UKF,28967.9,79.3,4.8,1.2,80.5,80.1,1.9,9.3,61.3,99.8,9.0,6.8,-8.4,85.4
United Kingdom,West Midlands,UKG,28279.0,74.0,4.5,1.1,80.0,80.0,1.8,9.3,57.8,99.9,8.8,6.9,-9.2,89.3
United Kingdom,East of England,UKH,34421.4,73.7,2.8,0.6,81.6,83.4,1.9,8.5,62.5,99.9,10.1,6.9,-13.7,90.3
United Kingdom,Greater London,UKI,47301.7,80.4,5.2,1.2,81.3,88.7,1.6,8.2,59.4,100.0,10.9,6.9,5.7,88.8
United Kingdom,South East England,UKJ,37705.2,80.9,3.4,0.6,82.0,85.2,1.8,8.3,65.2,99.9,10.2,6.9,-10.0,90.5
United Kingdom,South West England,UKK,33245.8,80.5,3.3,0.9,81.9,84.9,1.7,8.6,65.5,99.8,9.3,6.7,-22.1,88.0
United Kingdom,Wales,UKL,26940.0,72.8,2.8,0.9,79.9,79.4,2.0,9.7,56.8,99.6,9.0,6.7,-23.5,88.5
United Kingdom,Scotland,UKM,30643.4,71.8,3.3,0.9,79.3,80.2,1.9,10.6,59.8,99.5,7.2,6.9,-16.4,88.9
United Kingdom,Northern Ireland,UKN,27291.9,70.3,2.2,0.5,80.4,78.7,2.1,9.1,57.5,99.6,7.4,6.9,-8.4,90.7
United States,Alabama,US01,48076.5,64.8,2.3,10.0,73.2,90.2,2.8,12.3,58.7,87.4,12.6,6.8,26.1,90.5
United States,Alaska,US02,65621.6,75.5,4.8,9.5,76.6,92.9,2.3,11.4,62.1,91.6,6.3,8.1,-4.3,
United States,Arizona,US04,55024.5,72.3,4.0,6.8,76.3,89.0,2.3,9.3,61.7,91.1,9.9,7.4,29.8,93.1
United States,Arkansas,US05,49332.0,77.0,3.6,9.1,73.8,90.0,2.6,12.4,52.8,86.8,11.7,7.1,12.7,80.6
United States,California,US06,67860.5,69.2,4.8,5.3,79.0,85.8,1.9,8.7,64.7,93.4,14.9,6.7,30.9,88.9
United States,Colorado,US08,69074.1,75.0,2.9,5.4,78.3,92.9,2.6,9.4,70.1,93.2,10.1,6.8,35.7,87.8
United States,Connecticut,US09,73363.4,75.4,4.4,3.8,78.4,92.6,2.5,10.2,66.3,92.1,13.1,7.5,44.6,89.4
United States,Delaware,US10,57547.4,76.8,3.8,4.8,76.7,92.7,2.8,11.4,69.8,92.5,14.2,7.9,34.7,
United States,District of Columbia,US11,83138.1,80.7,5.5,39.3,78.0,95.0,2.3,10.7,79.5,92.8,15.4,6.4,16.8,
United States,Florida,US12,59621.0,64.5,2.9,5.9,77.5,90.9,2.4,8.8,60.3,91.7,11.2,7.0,42.1,89.7
United States,Georgia,US13,51756.2,70.4,3.8,6.9,75.6,90.5,2.5,10.7,64.4,91.2,13.8,6.9,28.6,87.4
United States,Hawaii,US15,57178.4,73.7,3.1,2.1,80.7,93.9,1.9,9.0,58.5,91.3,9.7,6.3,25.5,
United States,Idaho,US16,52778.4,75.0,3.3,2.5,78.4,91.6,2.5,10.3,65.2,92.1,9.5,7.1,3.0,88.6
United States,Illinois,US17,61860.4,76.1,4.1,7.4,76.8,91.5,2.5,9.8,65.9,90.7,14.5,6.9,26.6,88.8
United States,Indiana,US18,53802.3,70.4,3.5,5.8,75.0,90.7,2.6,11.4,60.7,90.1,12.8,6.8,21.9,90.6
United States,Iowa,US19,56047.5,77.3,2.7,2.5,77.5,93.9,2.8,10.4,71.8,89.6,12.5,7.1,13.7,89.9
United States,Kansas,US20,56729.1,75.2,2.9,5.8,76.4,92.3,2.7,11.0,70.7,90.8,10.9,6.6,25.7,95.7
United States,Kentucky,US21,48674.6,67.2,4.5,6.2,73.5,90.8,2.7,12.7,67.7,89.1,12.3,7.0,23.9,95.3
United States,Louisiana,US22,52393.1,65.3,4.0,9.6,73.1,88.4,2.6,12.0,58.0,85.4,11.8,6.9,18.4,83.8
United States,Maine,US23,56330.2,76.0,2.5,4.3,77.8,95.5,3.1,11.4,67.1,90.7,9.0,7.1,32.3,89.0
United States,Maryland,US24,63311.0,76.7,2.2,8.4,76.8,92.2,2.7,9.4,71.1,92.4,14.7,7.2,25.1,93.6
United States,Massachusetts,US25,73656.1,72.3,3.5,2.0,79.0,92.4,2.5,9.1,68.9,92.9,12.3,6.9,28.8,92.8
United States,Michigan,US26,53002.3,69.0,3.9,6.0,76.0,92.4,2.8,10.6,72.3,90.5,12.5,6.8,21.8,92.2
United States,Minnesota,US27,62797.1,80.0,2.7,3.1,79.1,94.2,2.8,9.3,75.9,92.0,13.0,6.6,21.6,93.8
United States,Mississippi,US28,44383.3,65.9,3.6,9.5,71.9,89.2,2.7,13.0,68.9,84.3,11.8,7.4,20.5,94.6
United States,Missouri,US29,54889.5,74.1,2.7,9.2,75.1,92.5,2.7,11.2,69.5,89.5,12.2,6.7,24.1,91.8
United States,Montana,US30,56766.8,76.4,2.8,3.5,76.8,94.2,2.8,10.6,69.2,89.2,9.5,7.8,-1.7,98.0
United States,Nebraska,US31,60822.5,87.1,2.2,2.5,77.7,93.4,2.7,11.1,67.4,90.2,11.6,6.6,28.8,83.3
United States,Nevada,US32,57569.9,78.8,5.6,6.8,76.3,87.2,2.2,10.1,66.9,91.5,8.7,6.5,38.7,95.4
United States,New Hampshire,US33,69237.7,85.2,2.2,2.1,79.0,95.4,2.7,11.1,71.9,93.9,10.5,6.4,31.3,97.5
United States,New Jersey,US34,69221.9,72.8,4.7,2.7,77.5,91.8,2.4,8.6,72.5,93.0,16.9,6.8,33.1,90.4
United States,New Mexico,US35,49869.1,75.3,3.9,10.8,74.5,88.5,2.5,10.7,66.0,86.6,8.1,6.7,1.6,84.0
United States,New York,US36,65833.8,66.2,3.7,2.9,77.7,89.6,2.3,8.4,59.2,90.4,16.2,6.6,34.0,91.1
United States,North Carolina,US37,53702.0,68.7,3.0,8.0,76.1,91.3,2.6,10.9,64.6,90.2,13.1,7.0,28.4,88.9
United States,North Dakota,US38,66657.5,87.0,2.3,3.8,76.9,94.6,2.9,10.2,71.2,89.4,12.4,7.1,16.4,84.7
United States,Ohio,US39,53972.0,72.9,3.2,5.6,75.3,92.7,2.8,11.3,67.4,90.4,13.1,6.9,28.1,88.7
United States,Oklahoma,US40,53628.4,81.6,3.4,6.2,74.1,89.7,2.5,12.4,59.7,88.6,10.5,6.9,16.2,96.4
United States,Oregon,US41,57032.6,74.1,3.7,4.5,78.8,91.3,2.4,10.3,75.3,92.4,8.5,7.0,22.4,86.3
United States,Pennsylvania,US42,59812.8,70.4,3.1,7.1,76.8,93.3,2.8,10.3,69.7,89.9,13.8,6.8,21.4,90.3
United States,Rhode Island,US44,58337.8,80.9,4.4,2.7,78.2,92.1,2.5,10.8,70.0,91.4,11.8,6.4,29.4,100.0
United States,South Carolina,US45,50211.6,69.3,3.1,8.9,74.8,91.7,2.7,11.2,62.7,89.2,12.8,6.8,29.6,93.5
United States,South Dakota,US46,64727.4,91.7,1.9,3.3,76.7,94.6,2.8,11.5,58.9,89.9,11.7,5.8,11.7,89.0
United States,Tennessee,US47,55869.6,67.9,3.4,9.9,73.8,91.8,2.6,12.4,64.8,89.6,11.9,6.8,27.2,91.8
United States,Texas,US48,58987.5,71.7,4.0,6.1,76.5,87.2,2.2,10.1,57.9,91.5,11.3,6.8,34.6,92.8
United States,Utah,US49,54961.2,75.9,2.9,2.0,78.6,92.8,2.4,9.7,66.9,93.6,12.3,7.1,34.0,97.4
United States,Vermont,US50,59216.0,80.9,1.9,3.1,78.8,95.7,3.0,11.0,71.7,90.7,9.5,7.0,5.4,
United States,Virginia,US51,63486.4,83.5,2.9,6.0,77.6,93.1,2.7,9.9,72.9,90.9,13.1,6.9,17.8,93.4
United States,Washington,US53,70190.2,71.8,4.5,4.8,79.2,91.9,2.4,9.7,70.0,93.6,10.0,6.7,27.0,90.1
United States,West Virginia,US54,48172.6,66.3,4.2,6.2,72.8,90.8,3.0,13.8,59.5,86.4,11.6,6.4,10.8,98.5
United States,Wisconsin,US55,57022.1,84.8,2.9,4.9,77.7,93.9,2.8,10.1,72.2,90.6,12.7,6.9,20.1,88.7
United States,Wyoming,US56,68920.1,74.8,3.2,3.4,76.3,93.3,2.9,11.5,63.8,89.5,9.4,7.1,13.6,
Bulgaria,North West,BG31,13801.8,62.2,8.7,1.0,73.9,84.7,1.3,14.9,38.0,73.5,9.7,5.1,-53.7,
Bulgaria,North Central,BG32,14579.5,71.5,6.2,0.4,75.2,85.8,1.4,13.9,31.0,82.7,9.6,5.0,-57.7,
Bulgaria,North East,BG33,15286.7,68.0,4.0,1.3,75.5,83.2,1.2,13.5,31.0,85.2,9.3,4.9,-43.5,
Bulgaria,South East,BG34,13884.0,74.8,4.9,1.2,75.1,82.6,1.3,13.5,31.0,81.7,9.3,5.6,-47.8,
Bulgaria,South West,BG41,24819.6,72.4,2.8,1.3,76.9,93.6,1.2,12.4,36.0,86.2,9.8,5.9,-31.8,
Bulgaria,South Central,BG42,15191.5,64.2,3.0,1.2,76.2,83.6,1.3,12.8,31.0,85.5,9.4,5.2,-46.0,
Croatia,Pannonian Croatia,HR02,18984.9,57.8,7.1,0.6,77.4,83.4,1.3,12.6,43.0,,12.1,5.7,-47.8,
Croatia,Adriatic Croatia,HR03,19571.7,68.0,6.1,0.4,79.4,93.9,1.2,10.4,43.7,87.4,10.9,6.2,-34.7,
Croatia,City of Zagreb,HR05,22888.3,74.0,3.4,0.6,79.6,97.2,1.1,10.6,49.5,,14.3,5.7,3.7,
Croatia,Northern Croatia,HR06,19247.6,65.1,2.7,1.3,78.2,86.0,1.2,11.8,49.0,,13.9,5.7,-27.7,
Romania,North West,RO11,19827.1,59.2,3.8,0.7,76.6,79.3,1.0,12.5,32.1,89.6,10.2,6.6,3.5,
Romania,Center,RO12,19584.6,54.9,5.2,0.9,77.0,79.5,1.0,12.1,32.1,89.6,9.6,6.6,-3.8,
Romania,North East,RO21,14924.3,51.4,4.9,1.1,75.5,75.6,1.1,13.0,27.0,86.9,9.9,6.5,-1.3,
Romania,South East,RO22,16236.8,66.7,11.9,0.5,75.7,71.7,1.2,13.2,30.7,84.3,10.1,6.2,0.2,
Romania,South - Muntenia,RO31,16137.5,63.2,7.2,0.6,76.1,78.3,1.3,13.0,31.6,85.8,11.5,6.2,-1.6,
Romania,Bucharest - Ilfov,RO32,37785.9,81.4,2.2,0.8,77.6,92.9,1.1,12.3,31.4,93.8,14.3,6.8,20.3,
Romania,South West Oltenia,RO41,15619.7,50.8,6.8,0.7,77.0,79.7,1.3,12.0,35.5,85.9,10.5,6.4,-4.8,
Romania,West,RO42,21600.4,55.8,4.1,0.1,76.5,86.5,1.1,12.9,29.9,90.5,10.6,6.5,10.9,
,,,,,,,,,,,,,,,,
Country,,,,,,,,,,,,,,,,
,,,,,,,,,,,,,,,,
,Australia,AUS,39871.9,76.3,4.1,0.9,83.0,15.3,2.3,3.0,89.8,86.1,8.5,7.1,-44.8,92.4
,Austria,AUT,37640.3,75.5,4.8,0.7,81.9,13.8,1.8,8.6,75.6,91.0,11.1,7.0,-42.5,89.8
,Belgium,BEL,35486.8,62.8,5.8,1.4,82.3,17.2,2.1,8.6,90.7,94.6,11.8,6.9,-16.3,89.9
,Canada,CAN,32386.5,72.2,6.1,1.9,81.3,6.9,2.5,6.3,62.2,93.3,12.7,7.0,22.4,91.9
,Chile,CHL,8260.7,62.9,8.7,4.5,81.0,17.6,1.3,9.9,46.7,75.2,23.1,6.2,49.4,87.3
,Colombia,COL,,59.8,11.5,25.5,76.8,36.8,1.0,9.3,60.4,48.4,13.5,5.8,-18.9,80.4
,Costa Rica,CRI,10469.9,71.5,7.3,17.2,80.9,58.6,1.1,6.8,60.7,80.1,8.7,6.8,-41.0,33.2
,Czechia,CZE,26091.7,75.1,2.3,1.5,79.9,5.7,1.5,10.2,65.4,92.8,13.0,6.8,-41.9,93.7
,Denmark,DNK,27796.3,76.8,5.3,0.8,81.8,16.4,1.9,8.9,84.2,92.5,9.2,7.6,7.6,94.6
,Estonia,EST,17711.4,74.4,7.9,1.7,79.0,11.2,1.6,10.3,63.5,90.9,9.1,6.4,-46.7,93.6
,Finland,FIN,28154.1,72.2,9.4,1.1,81.6,11.1,1.8,9.0,66.8,95.5,7.1,7.8,-13.1,95.6
,France,FRA,30656.1,65.0,7.6,1.2,83.0,16.1,1.8,8.0,77.8,88.1,10.7,6.7,46.3,87.4
,Germany,DEU,35532.0,76.2,8.2,0.8,81.1,16.2,1.8,13.4,82.5,88.8,11.6,6.9,-34.9,89.1
,Greece,GRC,20931.0,70.9,12.9,0.7,81.8,17.9,1.3,9.1,53.7,85.0,11.1,5.9,-56.2,84.1
,Hungary,HUN,21023.6,73.8,4.4,0.7,76.5,11.9,1.6,12.8,69.7,94.8,12.5,6.1,3.9,94.2
,Iceland,ISL,30703.5,84.9,3.6,1.3,82.4,17.5,1.5,8.4,66.9,94.9,6.5,,33.5,97.7
,Ireland,IRL,29853.3,75.1,4.5,0.7,82.9,10.6,2.0,8.2,59.7,93.5,7.5,7.0,-9.2,91.6
,Israel,ISR,15120.3,69.7,3.7,1.5,82.6,12.4,1.2,7.5,68.5,74.3,20.6,7.3,27.7,93.5
,Italy,ITA,31920.2,61.9,7.5,0.6,83.4,33.3,1.5,7.9,63.9,84.1,15.8,6.4,-9.0,86.2
,Japan,JPN,22891.3,73.3,2.7,0.7,84.7,5.4,1.8,7.2,56.0,71.7,17.2,6.0,8.6,87.7
,Korea,KOR,25302.9,62.0,2.7,1.1,83.5,6.4,1.6,6.8,66.2,99.9,30.1,6.0,6.0,79.6
,Latvia,LVA,15293.2,70.1,8.4,4.3,75.5,9.1,1.2,12.7,59.4,94.3,10.4,6.2,-29.0,91.9
,Lithuania,LTU,17928.9,72.5,6.8,2.6,77.4,5.6,1.6,11.4,52.2,90.4,9.8,6.6,-14.7,84.9
,Luxembourg,LUX,45343.7,68.2,6.6,1.4,83.4,17.6,2.0,7.9,87.2,97.4,10.5,7.2,4.5,88.7
,Mexico,MEX,8358.2,63.9,2.7,24.2,75.5,56.1,1.5,11.8,61.0,75.6,14.6,6.5,-54.0,82.2
,Netherlands,NLD,31827.2,84.3,3.9,0.6,81.9,19.2,2.1,8.9,81.6,98.6,12.1,7.4,13.9,92.7
,New Zealand,NZL,25123.7,78.4,3.6,0.9,81.8,19.1,2.4,8.4,78.2,,6.7,7.1,-12.5,94.5
,Norway,NOR,32368.2,77.4,3.7,0.7,83.1,16.3,2.3,8.1,77.1,98.6,6.8,7.4,-10.1,93.9
,Poland,POL,24597.0,76.6,3.1,1.4,78.4,5.2,1.4,11.1,74.4,95.0,13.5,6.3,2.0,88.6
,Portugal,PRT,26466.8,72.6,6.2,0.7,81.2,38.5,2.0,8.4,59.8,87.0,10.5,6.0,5.2,87.3
,Slovak Republic,SVK,20282.0,76.0,5.4,1.1,78.2,6.1,1.1,11.2,68.5,90.5,10.9,6.3,-27.0,93.8
,Slovenia,SVN,27250.3,73.1,3.7,0.3,82.0,11.0,1.6,8.7,53.6,94.0,13.5,6.7,-27.9,93.9
,Spain,ESP,26155.8,61.3,12.7,0.7,83.8,35.1,2.0,7.6,66.6,96.8,9.7,6.4,11.0,92.9
,Sweden,SWE,30943.1,77.4,8.5,1.1,83.4,11.3,1.8,7.9,87.1,100.0,6.8,7.3,-14.1,93.5
,Switzerland,CHE,64469.0,83.9,4.2,0.6,84.3,13.8,1.8,7.3,45.1,98.1,12.5,7.3,29.7,92.2
,Türkiye,TUR,,70.9,12.1,2.5,77.3,52.4,1.5,11.2,88.9,96.4,14.5,4.9,-52.5,80.2
,United Kingdom,GBR,33222.2,78.5,3.6,0.9,80.7,17.8,2.0,9.2,60.3,99.8,9.2,6.8,-9.9,89.2
,United States,USA,59960.7,76.6,3.7,5.9,77.0,9.7,2.4,10.0,65.3,86.4,12.7,6.8,29.0,89.1
,Bulgaria,BGR,17805.0,70.8,4.5,1.1,75.8,13.1,1.3,13.2,33.0,83.5,9.6,5.4,-41.8,
,Croatia,HRV,20012.8,68.2,5.1,0.7,78.6,9.7,1.2,11.3,,86.1,12.4,6.0,-25.7,
,Romania,ROU,19864.5,63.8,5.7,0.7,76.4,19.8,1.1,12.7,31.9,88.2,10.7,6.5,6.2,
,,,,,,,,,,,,,,,,
,,,,,,,,,,,,,,,,
,,,,,,,,,,,,,,,,
.. = not available.,,,,,,,,,,,,,,,,
,,,,,,,,,,,,,,,,
Information on data for Israel:,,,,,,,,,,,,,,,,
For more information please visit:,,,,,,,,,,,,,,,,
